{
  "project_info": {
    "project_number": "504811868219",
    "firebase_url": "https://ecommerceproject-9d69c.firebaseio.com",
    "project_id": "ecommerceproject-9d69c",
    "storage_bucket": "ecommerceproject-9d69c.appspot.com"
  },
  "client": [
    {
      "client_info": {
        "mobilesdk_app_id": "1:504811868219:android:8b5f20020e7d1030",
        "android_client_info": {
          "package_name": "com.strontech.imgautam.ecommerceproject"
        }
      },
      "oauth_client": [
        {
          "client_id": "504811868219-ms21gj8f214r88l3psjlo10c66ij7844.apps.googleusercontent.com",
          "client_type": 1,
          "android_info": {
            "package_name": "com.strontech.imgautam.ecommerceproject",
            "certificate_hash": "151f414d8f9dd37fcff915f2d2ebceea47e50e4e"
          }
        },
        {
          "client_id": "504811868219-uvrqnmkngakkbfh21cfm657ju20ah83e.apps.googleusercontent.com",
          "client_type": 3
        }
      ],
      "api_key": [
        {
          "current_key": "AIzaSyCM_C-5LxpG73G8aHSBEpRvVCr9bFv-4No"
        }
      ],
      "services": {
        "analytics_service": {
          "status": 1
        },
        "appinvite_service": {
          "status": 2,
          "other_platform_oauth_client": [
            {
              "client_id": "504811868219-uvrqnmkngakkbfh21cfm657ju20ah83e.apps.googleusercontent.com",
              "client_type": 3
            }
          ]
        },
        "ads_service": {
          "status": 2
        }
      }
    },
    {
      "client_info": {
        "mobilesdk_app_id": "1:504811868219:android:8790c6810e9a21e4",
        "android_client_info": {
          "package_name": "com.strontech.imgautam.fireabasecloudstoragedemo1"
        }
      },
      "oauth_client": [
        {
          "client_id": "504811868219-rkk1ltbutnthugomvme5uqjhfdf64sms.apps.googleusercontent.com",
          "client_type": 1,
          "android_info": {
            "package_name": "com.strontech.imgautam.fireabasecloudstoragedemo1",
            "certificate_hash": "151f414d8f9dd37fcff915f2d2ebceea47e50e4e"
          }
        },
        {
          "client_id": "504811868219-uvrqnmkngakkbfh21cfm657ju20ah83e.apps.googleusercontent.com",
          "client_type": 3
        }
      ],
      "api_key": [
        {
          "current_key": "AIzaSyCM_C-5LxpG73G8aHSBEpRvVCr9bFv-4No"
        }
      ],
      "services": {
        "analytics_service": {
          "status": 1
        },
        "appinvite_service": {
          "status": 2,
          "other_platform_oauth_client": [
            {
              "client_id": "504811868219-uvrqnmkngakkbfh21cfm657ju20ah83e.apps.googleusercontent.com",
              "client_type": 3
            }
          ]
        },
        "ads_service": {
          "status": 2
        }
      }
    },
    {
      "client_info": {
        "mobilesdk_app_id": "1:504811868219:android:a4318b3b48142dc6",
        "android_client_info": {
          "package_name": "com.strontech.imgautam.handycaft"
        }
      },
      "oauth_client": [
        {
          "client_id": "504811868219-s0kqk58imsb2g6oiktjnir8vcoe7a0s3.apps.googleusercontent.com",
          "client_type": 1,
          "android_info": {
            "package_name": "com.strontech.imgautam.handycaft",
            "certificate_hash": "2ef6b6b1ec4110641b6ff8b13947c51642097982"
          }
        },
        {
          "client_id": "504811868219-8k9hl6v2qmdq73hge2qqrpggeain745p.apps.googleusercontent.com",
          "client_type": 1,
          "android_info": {
            "package_name": "com.strontech.imgautam.handycaft",
            "certificate_hash": "0720dab1df2d1a8e9c4c4c68c32ac737b25b8b63"
          }
        },
        {
          "client_id": "504811868219-3c0ku09tnphnoq3bpvi2b4jng6fsb7rk.apps.googleusercontent.com",
          "client_type": 1,
          "android_info": {
            "package_name": "com.strontech.imgautam.handycaft",
            "certificate_hash": "151f414d8f9dd37fcff915f2d2ebceea47e50e4e"
          }
        },
        {
          "client_id": "504811868219-uvrqnmkngakkbfh21cfm657ju20ah83e.apps.googleusercontent.com",
          "client_type": 3
        }
      ],
      "api_key": [
        {
          "current_key": "AIzaSyCM_C-5LxpG73G8aHSBEpRvVCr9bFv-4No"
        }
      ],
      "services": {
        "analytics_service": {
          "status": 1
        },
        "appinvite_service": {
          "status": 2,
          "other_platform_oauth_client": [
            {
              "client_id": "504811868219-uvrqnmkngakkbfh21cfm657ju20ah83e.apps.googleusercontent.com",
              "client_type": 3
            }
          ]
        },
        "ads_service": {
          "status": 2
        }
      }
    }
  ],
  "configuration_version": "1"
}